method,label,avg_rank,num_tasks,critical_difference
tta,TTA,2.7222222222222223,27,1.1739442853837592
logic,Logic,2.8333333333333335,27,1.1739442853837592
got,GoT,3.074074074074074,27,1.1739442853837592
mot,MoT,3.074074074074074,27,1.1739442853837592
sc,SC,3.2962962962962963,27,1.1739442853837592
